,MAE,MSE,RMSE,R2,set,modelo
0,0.24635145784081963,0.7094881008668243,0.8423111662959386,0.8654488567981052,test,Decision Tree Regressor
1,0.0007886435331231154,0.00029574132492113565,0.01719713129917707,0.9999476920733544,train,Decision Tree Regressor
0,0.24635145784081963,0.7094881008668243,0.8423111662959386,0.8654488567981052,test,Decision Tree Regressor 1
1,0.0007886435331231154,0.00029574132492113565,0.01719713129917707,0.9999476920733544,train,Decision Tree Regressor 1
0,0.24635145784081963,0.7094881008668243,0.8423111662959386,0.8654488567981052,test,Decision Tree Regressor 2
1,0.0007886435331231154,0.00029574132492113565,0.01719713129917707,0.9999476920733544,train,Decision Tree Regressor 2
